{"ηc":0.92,"D":["ℓ","g","s"],"ps":{"(\"s\", 18)":0.0,"(\"b\", 22)":305.29869367385874,"(\"b\", 7)":305.29869367385874,"(\"b\", 14)":305.29869367385874,"(\"g\", 11)":35.098,"(\"g\", 16)":64.44399999999999,"(\"s\", 22)":0.0,"(\"s\", 3)":0.0,"(\"b\", 9)":305.29869367385874,"(\"b\", 13)":305.29869367385874,"(\"b\", 21)":305.29869367385874,"(\"b\", 23)":305.29869367385874,"(\"g\", 5)":30.381999999999998,"(\"s\", 6)":0.0,"(\"s\", 15)":0.0,"(\"s\", 17)":0.0,"(\"b\", 18)":305.29869367385874,"(\"g\", 13)":49.028,"(\"s\", 1)":0.0,"(\"g\", 7)":34.608000000000004,"(\"s\", 9)":0.0,"(\"s\", 21)":0.0,"(\"s\", 8)":0.0,"(\"g\", 24)":46.60799999999999,"(\"s\", 4)":0.0,"(\"b\", 20)":305.29869367385874,"(\"b\", 19)":305.29869367385874,"(\"s\", 24)":0.0,"(\"g\", 20)":54.13399999999999,"(\"b\", 24)":305.29869367385874,"(\"s\", 5)":0.0,"(\"g\", 14)":46.260000000000005,"(\"g\", 12)":45.3,"(\"s\", 14)":0.0,"(\"b\", 12)":305.29869367385874,"(\"g\", 4)":35.362,"(\"b\", 17)":305.29869367385874,"(\"g\", 23)":41.72,"(\"s\", 11)":0.0,"(\"g\", 21)":94.15,"(\"s\", 19)":0.0,"(\"g\", 6)":32.184,"(\"s\", 7)":0.0,"(\"g\", 3)":48.556,"(\"g\", 15)":57.912,"(\"g\", 2)":71.82999999999998,"(\"b\", 4)":305.29869367385874,"(\"b\", 15)":305.29869367385874,"(\"g\", 18)":65.8,"(\"b\", 8)":305.29869367385874,"(\"s\", 12)":0.0,"(\"g\", 1)":62.306,"(\"b\", 11)":305.29869367385874,"(\"s\", 23)":0.0,"(\"g\", 19)":86.21799999999999,"(\"b\", 5)":305.29869367385874,"(\"g\", 22)":47.81,"(\"b\", 2)":305.29869367385874,"(\"g\", 10)":29.589999999999996,"(\"b\", 10)":305.29869367385874,"(\"s\", 13)":0.0,"(\"g\", 9)":32.08200000000001,"(\"b\", 6)":305.29869367385874,"(\"s\", 20)":0.0,"(\"g\", 17)":107.186,"(\"s\", 2)":0.0,"(\"b\", 16)":305.29869367385874,"(\"b\", 1)":305.29869367385874,"(\"b\", 3)":305.29869367385874,"(\"s\", 16)":0.0,"(\"g\", 8)":40.128,"(\"s\", 10)":0.0},"load_shedding":true,"market":"full","K":[1,2,3,4,5,6,7,8,9,10,11,12,13,14,15,16,17,18,19,20,21,22,23,24],"y0":0.2717391304347826,"Δt":1.0,"R":["b","g","s"],"Ts":8.0,"ηd":0.92,"xtot":{"g":74.0,"b":12.921,"s":6.0},"pd":{"(\"ℓ\", 2)":2500.0,"(\"s\", 18)":0.0,"(\"ℓ\", 16)":2500.0,"(\"ℓ\", 23)":2500.0,"(\"g\", 11)":35.098,"(\"g\", 16)":64.44399999999999,"(\"s\", 22)":0.0,"(\"s\", 3)":0.0,"(\"ℓ\", 8)":2500.0,"(\"g\", 5)":30.381999999999998,"(\"s\", 6)":0.0,"(\"s\", 15)":0.0,"(\"s\", 17)":0.0,"(\"g\", 13)":49.028,"(\"s\", 1)":0.0,"(\"g\", 7)":34.608000000000004,"(\"s\", 9)":0.0,"(\"ℓ\", 14)":2500.0,"(\"s\", 21)":0.0,"(\"s\", 8)":0.0,"(\"g\", 24)":46.60799999999999,"(\"s\", 4)":0.0,"(\"ℓ\", 10)":2500.0,"(\"ℓ\", 21)":2500.0,"(\"ℓ\", 4)":2500.0,"(\"s\", 24)":0.0,"(\"g\", 20)":54.13399999999999,"(\"s\", 5)":0.0,"(\"g\", 14)":46.260000000000005,"(\"ℓ\", 3)":2500.0,"(\"g\", 12)":45.3,"(\"s\", 14)":0.0,"(\"ℓ\", 1)":2500.0,"(\"g\", 4)":35.362,"(\"ℓ\", 5)":2500.0,"(\"g\", 23)":41.72,"(\"s\", 11)":0.0,"(\"ℓ\", 7)":2500.0,"(\"g\", 21)":94.15,"(\"s\", 19)":0.0,"(\"ℓ\", 13)":2500.0,"(\"ℓ\", 6)":2500.0,"(\"ℓ\", 9)":2500.0,"(\"g\", 6)":32.184,"(\"s\", 7)":0.0,"(\"ℓ\", 22)":2500.0,"(\"g\", 3)":48.556,"(\"g\", 15)":57.912,"(\"g\", 2)":71.82999999999998,"(\"ℓ\", 18)":2500.0,"(\"g\", 18)":65.8,"(\"s\", 12)":0.0,"(\"g\", 1)":62.306,"(\"ℓ\", 24)":2500.0,"(\"ℓ\", 20)":2500.0,"(\"g\", 19)":86.21799999999999,"(\"s\", 23)":0.0,"(\"ℓ\", 19)":2500.0,"(\"ℓ\", 15)":2500.0,"(\"g\", 22)":47.81,"(\"g\", 10)":29.589999999999996,"(\"s\", 13)":0.0,"(\"ℓ\", 17)":2500.0,"(\"g\", 9)":32.08200000000001,"(\"s\", 20)":0.0,"(\"g\", 17)":107.186,"(\"s\", 2)":0.0,"(\"ℓ\", 11)":2500.0,"(\"s\", 16)":0.0,"(\"g\", 8)":40.128,"(\"s\", 10)":0.0,"(\"ℓ\", 12)":2500.0},"ȳℓ":[38.0,38.0,35.0,33.0,32.0,32.0,32.0,36.0,41.0,45.0,46.0,47.0,49.0,50.0,51.0,53.0,54.0,57.0,57.0,55.0,53.0,51.0,48.0,45.0]}