{"yd":{"g":[0.0,42.0,39.0,0.0,0.0,36.0,36.0,32.0,0.0,0.0,22.0,0.0,25.0,0.0,0.0,0.0,0.0,0.0,23.0,20.238400000000023,27.0,23.0,0.0,0.0],"ℓ":[38.0,38.0,35.0,33.0,32.0,32.0,32.0,36.0,41.0,45.0,46.0,47.0,49.0,50.0,51.0,53.0,54.0,57.0,57.0,55.0,53.0,51.0,48.0,45.0],"s":[0.0,0.0,0.0,6.0,6.0,6.0,6.0,6.0,6.0,6.0,6.0,4.1739130434782625,0.0,0.0,0.0,0.0,0.0,0.0,0.0,0.0,0.0,0.0,6.0,0.0]},"relative_gap":0.0,"operating_cost":57281.192715269564,"objective_value":-2.63771880728473e6,"ys":{"g":[32.0,74.0,74.0,39.0,38.0,74.0,74.0,74.0,47.0,51.0,74.0,51.173913043478265,74.0,50.0,45.0,47.0,48.0,51.0,74.0,74.0,74.0,74.0,54.0,45.0],"b":[0.0,0.0,0.0,0.0,0.0,0.0,0.0,0.0,0.0,0.0,0.0,0.0,0.0,0.0,0.0,0.0,0.0,0.0,0.0,0.0,0.0,0.0,0.0,0.0],"s":[6.0,6.0,0.0,0.0,0.0,0.0,0.0,0.0,0.0,0.0,0.0,0.0,0.0,0.0,6.0,6.0,6.0,6.0,6.0,1.238400000000022,6.0,0.0,0.0,0.0]},"y0":0.2717391304347826,"solve_time":0.003000020980834961}