{"storage lifetime (years)":20,"grid capital cost ($/MW)":[4.1066976456736955e6,3.948747736224707e6,3.7907978267757185e6,3.63284791732673e6,3.4748980078777424e6,3.316948098428754e6,3.1589981889797654e6,3.001048279530777e6,2.843098370081789e6,2.685148460632801e6,2.527198551183813e6,2.369248641734824e6,2.211298732285836e6,2.0533488228368473e6,1.8953989133878597e6,1.7374490039388712e6,1.5794990944898827e6,1.4215491850408944e6,1.263599275591906e6,1.1056493661429184e6,947699.4566939299,789749.5472449414,631799.637795953,473849.7283469645,315899.81889797683,157949.90944898842],"backup lifetime (years)":20,"storage charging efficiency (-)":0.913,"grid existing capacity (MW)":[36.0,38.0,36.0,38.0,36.0,38.0,36.0,38.0,36.0,38.0,36.0,38.0,36.0,38.0,36.0,38.0,36.0,38.0,36.0,38.0,36.0,38.0,36.0,38.0,0.0,38.0,0.0,38.0,0.0,38.0,0.0,38.0,0.0,38.0,0.0,38.0,0.0,38.0,0.0,38.0,0.0,38.0,0.0,38.0,0.0,0.0,0.0,0.0,0.0,0.0,0.0,0.0],"backup existing capacity (MW)":[12.92135,12.92135,12.92135,12.92135,12.92135,12.92135,12.92135,12.92135,12.92135,12.92135,12.92135,12.92135,12.92135,12.92135,12.92135,0.0,0.0,0.0,0.0,0.0,0.0,0.0,0.0,0.0,0.0,0.0],"storage existing capacity (MW)":[6.0,6.0,6.0,6.0,6.0,6.0,6.0,6.0,6.0,6.0,6.0,6.0,6.0,6.0,6.0,0.0,0.0,0.0,0.0,0.0,0.0,0.0,0.0,0.0,0.0,0.0],"grid max. investment (MW)":40.0,"backup max. investment (MW)":30.0,"contingency probability (-)":0.2,"value of lost load ($/MWh)":[9337.0,9337.0,9337.0,9337.0,9337.0,9337.0,9337.0,9337.0,9337.0,9337.0,9337.0,9337.0,9337.0,9337.0,9337.0,9337.0,9337.0,9337.0,9337.0,9337.0,9337.0,9337.0,9337.0,9337.0,9337.0,9337.0],"free storage capital cost ($/MW)":8000,"backup min. investment (MW)":2.0,"backup capital cost ($/MW)":[4.1106677808194407e6,4.1106677808194407e6,4.1106677808194407e6,4.1106677808194407e6,4.1106677808194407e6,4.1106677808194407e6,4.1106677808194407e6,3.905134391778468e6,3.6996010027374965e6,3.4940676136965244e6,3.288534224655553e6,3.08300083561458e6,2.877467446573608e6,2.6719340575326364e6,2.4664006684916643e6,2.2608672794506927e6,2.0553338904097204e6,1.849800501368748e6,1.6442671123277764e6,1.438733723286804e6,1.2332003342458324e6,1.0276669452048602e6,822133.556163888,616600.1671229162,411066.778081944,205533.38904097222],"storage min. investment (MW)":2,"discount rate (-)":0.0,"peak load evolution (MW)":[62.455,63.987,65.328,66.669,68.202,70.117,71.65,73.182,75.098,77.013,78.929,80.653,82.377,84.292,86.208,88.123,89.273,90.805,91.955,93.104,93.87,95.02,95.786,96.744,97.318,98.084],"storage duration (h)":8,"grid min. investment (MW)":40.0,"capacity price ($/MW-year)":[38325.23835616439,31323.25479452055,38045.260273972606,39329.62191780822,36768.0,36768.0,36768.0,36768.0,36768.0,36768.0,36768.0,36768.0,36768.0,36768.0,36768.0,36768.0,36768.0,36768.0,36768.0,36768.0,36768.0,36768.0,36768.0,36768.0,36768.0,36768.0],"storage capital cost ($/MW)":[6.5066104108e6,6.24310282408e6,6.10121412352e6,5.93905560864e6,5.79716690808e6,5.655278207520001e6,5.51338950696e6,5.1029257660799995e6,4.688408062368e6,4.307335552316e6,3.94045191232e6,3.6333642247200003e6,3.3201955927839996e6,3.030337247392e6,2.748586827744e6,2.46379593592e6,2.19927485848e6,1.942861706784e6,1.6945564808320003e6,1.447264745584e6,1.2161888618400001e6,993220.90384,774306.908704,568568.2929120001,370937.6028559999,180401.34784000015],"time discretization (h)":1.0,"storage max. investment (MW)":24.0,"grid lifetime (years)":40,"storage discharging efficiency (-)":0.913,"backup electricity price ($/MWh)":[305.29869367385874,305.29869367385874,305.29869367385874,305.29869367385874,305.29869367385874,305.29869367385874,305.29869367385874,305.29869367385874,305.29869367385874,305.29869367385874,305.29869367385874,305.29869367385874,305.29869367385874,305.29869367385874,305.29869367385874,305.29869367385874,305.29869367385874,305.29869367385874,305.29869367385874,305.29869367385874,305.29869367385874,305.29869367385874,305.29869367385874,305.29869367385874,305.29869367385874,305.29869367385874]}