{"storage lifetime (years)":20,"planning periods":[2025,2026,2027,2028,2029,2030,2031,2032,2033,2034,2035,2036,2037,2038,2039,2040,2041,2042,2043,2044,2045,2046,2047,2048,2049,2050],"grid capital cost ($/MW)":[4.1066976456736955e6,3.948747736224707e6,3.7907978267757185e6,3.63284791732673e6,3.4748980078777424e6,3.316948098428754e6,3.1589981889797654e6,3.001048279530777e6,2.843098370081789e6,2.685148460632801e6,2.527198551183813e6,2.369248641734824e6,2.211298732285836e6,2.0533488228368473e6,1.8953989133878597e6,1.7374490039388712e6,1.5794990944898827e6,1.4215491850408944e6,1.263599275591906e6,1.1056493661429184e6,947699.4566939299,789749.5472449414,631799.637795953,473849.7283469645,315899.81889797683,157949.90944898842],"grid existing units (-)":2,"storage charging efficiency (-)":0.913,"backup lifetime (years)":20,"electricity peak load price ($/MWh)":[62.31,71.83,48.56,35.36,30.38,32.18,34.61,40.13,32.08,29.59,35.1,45.3,49.03,46.26,57.91,64.44,107.19,65.8,86.22,54.13,94.15,47.81,41.72,46.61,62.31,71.83,48.56,35.36,30.38,32.18,34.61,40.13,32.08,29.59,35.1,45.3,49.03,46.26,57.91,64.44,107.19,65.8,86.22,54.13,94.15,47.81,41.72,46.61,62.31,71.83,48.56,35.36,30.38,32.18,34.61,40.13,32.08,29.59,35.1,45.3,49.03,46.26,57.91,64.44,107.19,65.8,86.22,54.13,94.15,47.81,41.72,46.61,62.31,71.83,48.56,35.36,30.38,32.18,34.61,40.13,32.08,29.59,35.1,45.3,49.03,46.26,57.91,64.44,107.19,65.8,86.22,54.13,94.15,47.81,41.72,46.61,62.31,71.83,48.56,35.36,30.38,32.18,34.61,40.13,32.08,29.59,35.1,45.3,49.03,46.26,57.91,64.44,107.19,65.8,86.22,54.13,94.15,47.81,41.72,46.61,62.31,71.83,48.56,35.36,30.38,32.18,34.61,40.13,32.08,29.59,35.1,45.3,49.03,46.26,57.91,64.44,107.19,65.8,86.22,54.13,94.15,47.81,41.72,46.61,62.31,71.83,48.56,35.36,30.38,32.18,34.61,40.13,32.08,29.59,35.1,45.3,49.03,46.26,57.91,64.44,107.19,65.8,86.22,54.13,94.15,47.81,41.72,46.61,62.31,71.83,48.56,35.36,30.38,32.18,34.61,40.13,32.08,29.59,35.1,45.3,49.03,46.26,57.91,64.44,107.19,65.8,86.22,54.13,94.15,47.81,41.72,46.61,62.31,71.83,48.56,35.36,30.38,32.18,34.61,40.13,32.08,29.59,35.1,45.3,49.03,46.26,57.91,64.44,107.19,65.8,86.22,54.13,94.15,47.81,41.72,46.61,62.31,71.83,48.56,35.36,30.38,32.18,34.61,40.13,32.08,29.59,35.1,45.3,49.03,46.26,57.91,64.44,107.19,65.8,86.22,54.13,94.15,47.81,41.72,46.61,62.31,71.83,48.56,35.36,30.38,32.18,34.61,40.13,32.08,29.59,35.1,45.3,49.03,46.26,57.91,64.44,107.19,65.8,86.22,54.13,94.15,47.81,41.72,46.61,62.31,71.83,48.56,35.36,30.38,32.18,34.61,40.13,32.08,29.59,35.1,45.3,49.03,46.26,57.91,64.44,107.19,65.8,86.22,54.13,94.15,47.81,41.72,46.61,62.31,71.83,48.56,35.36,30.38,32.18,34.61,40.13,32.08,29.59,35.1,45.3,49.03,46.26,57.91,64.44,107.19,65.8,86.22,54.13,94.15,47.81,41.72,46.61,62.31,71.83,48.56,35.36,30.38,32.18,34.61,40.13,32.08,29.59,35.1,45.3,49.03,46.26,57.91,64.44,107.19,65.8,86.22,54.13,94.15,47.81,41.72,46.61,62.31,71.83,48.56,35.36,30.38,32.18,34.61,40.13,32.08,29.59,35.1,45.3,49.03,46.26,57.91,64.44,107.19,65.8,86.22,54.13,94.15,47.81,41.72,46.61,62.31,71.83,48.56,35.36,30.38,32.18,34.61,40.13,32.08,29.59,35.1,45.3,49.03,46.26,57.91,64.44,107.19,65.8,86.22,54.13,94.15,47.81,41.72,46.61,62.31,71.83,48.56,35.36,30.38,32.18,34.61,40.13,32.08,29.59,35.1,45.3,49.03,46.26,57.91,64.44,107.19,65.8,86.22,54.13,94.15,47.81,41.72,46.61,62.31,71.83,48.56,35.36,30.38,32.18,34.61,40.13,32.08,29.59,35.1,45.3,49.03,46.26,57.91,64.44,107.19,65.8,86.22,54.13,94.15,47.81,41.72,46.61,62.31,71.83,48.56,35.36,30.38,32.18,34.61,40.13,32.08,29.59,35.1,45.3,49.03,46.26,57.91,64.44,107.19,65.8,86.22,54.13,94.15,47.81,41.72,46.61,62.31,71.83,48.56,35.36,30.38,32.18,34.61,40.13,32.08,29.59,35.1,45.3,49.03,46.26,57.91,64.44,107.19,65.8,86.22,54.13,94.15,47.81,41.72,46.61,62.31,71.83,48.56,35.36,30.38,32.18,34.61,40.13,32.08,29.59,35.1,45.3,49.03,46.26,57.91,64.44,107.19,65.8,86.22,54.13,94.15,47.81,41.72,46.61,62.31,71.83,48.56,35.36,30.38,32.18,34.61,40.13,32.08,29.59,35.1,45.3,49.03,46.26,57.91,64.44,107.19,65.8,86.22,54.13,94.15,47.81,41.72,46.61,62.31,71.83,48.56,35.36,30.38,32.18,34.61,40.13,32.08,29.59,35.1,45.3,49.03,46.26,57.91,64.44,107.19,65.8,86.22,54.13,94.15,47.81,41.72,46.61,62.31,71.83,48.56,35.36,30.38,32.18,34.61,40.13,32.08,29.59,35.1,45.3,49.03,46.26,57.91,64.44,107.19,65.8,86.22,54.13,94.15,47.81,41.72,46.61,62.31,71.83,48.56,35.36,30.38,32.18,34.61,40.13,32.08,29.59,35.1,45.3,49.03,46.26,57.91,64.44,107.19,65.8,86.22,54.13,94.15,47.81,41.72,46.61,62.31,71.83,48.56,35.36,30.38,32.18,34.61,40.13,32.08,29.59,35.1,45.3,49.03,46.26,57.91,64.44,107.19,65.8,86.22,54.13,94.15,47.81,41.72,46.61],"storage existing units (-)":1,"grid existing capacity (MW)":[36.0,38.0,36.0,38.0,36.0,38.0,36.0,38.0,36.0,38.0,36.0,38.0,36.0,38.0,36.0,38.0,36.0,38.0,36.0,38.0,36.0,38.0,36.0,38.0,0.0,38.0,0.0,38.0,0.0,38.0,0.0,38.0,0.0,38.0,0.0,38.0,0.0,38.0,0.0,38.0,0.0,38.0,0.0,38.0,0.0,0.0,0.0,0.0,0.0,0.0,0.0,0.0],"backup existing capacity (MW)":[12.92135,12.92135,12.92135,12.92135,12.92135,12.92135,12.92135,12.92135,12.92135,12.92135,12.92135,12.92135,12.92135,12.92135,12.92135,0.0,0.0,0.0,0.0,0.0,0.0,0.0,0.0,0.0,0.0,0.0],"probability-adjusted peak load days (-)":[30.0,30.0,30.0,30.0,30.0,30.0,30.0,30.0,30.0,30.0,30.0,30.0,30.0,30.0,30.0,30.0,30.0,30.0,30.0,30.0,30.0,30.0,30.0,30.0,30.0,30.0,1.0,1.0,1.0,1.0,1.0,1.0,1.0,1.0,1.0,1.0,1.0,1.0,1.0,1.0,1.0,1.0,1.0,1.0,1.0,1.0,1.0,1.0,1.0,1.0,1.0,1.0],"storage existing capacity (MW)":[6.0,6.0,6.0,6.0,6.0,6.0,6.0,6.0,6.0,6.0,6.0,6.0,6.0,6.0,6.0,0.0,0.0,0.0,0.0,0.0,0.0,0.0,0.0,0.0,0.0,0.0],